brand,country,size_label,volume_ml,hot_or_iced,reliability,source
스타벅스,KR,Short,237,hot,high,스타벅스 공식
스타벅스,KR,Tall,355,both,high,스타벅스 공식
스타벅스,KR,Grande,473,both,high,스타벅스 공식
스타벅스,KR,Venti,591,hot,high,스타벅스 공식
스타벅스,KR,Trenta,888,iced,med,namuwiki
투썸플레이스,KR,R,355,hot,med,coffee4m2022
투썸플레이스,KR,R,414,iced,med,coffee4m2022
투썸플레이스,KR,L,474,both,med,coffee4m2022
투썸플레이스,KR,Max,591,both,med,coffee4m2022
이디야,KR,레귤러,384,both,med,coffee4m2022
이디야,KR,엑스트라,651,both,med,coffee4m2022
이디야,KR,라지(신규기본),532,both,med,ZDNet2025
컴포즈커피,KR,기본,567,both,low,비공식20oz
컴포즈커피,KR,빅포즈,946,iced,high,컴포즈 공식
메가커피,KR,20oz,500,hot,med,coffee4m2022
메가커피,KR,20oz,590,iced,med,coffee4m2022
메가커피,KR,24oz,710,both,med,coffee4m2022
메가커피,KR,32oz,980,both,med,coffee4m2022
빽다방,KR,기본,400,hot,med,coffee4m2022
빽다방,KR,기본,625,iced,med,coffee4m2022
빽다방,KR,빽사이즈,950,iced,med,빽다방 영양정보
할리스,KR,레귤러,354,both,med,coffee4m2022
할리스,KR,그란데,472,both,med,coffee4m2022
할리스,KR,벤티,591,both,med,coffee4m2022
파스쿠찌,KR,레귤러,290,hot,med,coffee4m2022
파스쿠찌,KR,레귤러,370,iced,med,coffee4m2022
파스쿠찌,KR,라지,360,hot,med,coffee4m2022
파스쿠찌,KR,라지,470,iced,med,coffee4m2022
파스쿠찌,KR,벤티,580,iced,med,coffee4m2022
폴바셋,KR,스탠다드(아메),360,both,med,coffee4m2022
폴바셋,KR,스탠다드(룽고),300,both,med,coffee4m2022
폴바셋,KR,그랜드(룽고),400,both,med,coffee4m2022
커피빈,KR,스몰,355,both,med,coffee4m2022
커피빈,KR,레귤러,473,both,med,coffee4m2022
커피빈,KR,라지,591,both,med,coffee4m2022
공차,KR,라지,397,hot,med,공차 영양정보
공차,KR,점보,454,hot,med,공차 영양정보
공차,KR,라지,454,iced,high,공차 영양정보
공차,KR,점보,624,iced,high,공차 영양정보
엔제리너스,KR,12oz,330,both,med,coffee4m2022
엔제리너스,KR,16oz,440,both,med,coffee4m2022
엔제리너스,KR,20oz,550,both,med,coffee4m2022
더벤티,KR,미디엄,420,both,high,더벤티 공식QnA
더벤티,KR,라지,600,both,high,더벤티 공식QnA
더벤티,KR,점보,960,both,high,더벤티 공식QnA
메머드커피,KR,라지,940,both,med,나무위키/매머드
Starbucks,US,Short,237,hot,high,rd.com
Starbucks,US,Tall,355,both,high,rd.com
Starbucks,US,Grande,473,both,high,rd.com
Starbucks,US,Venti,591,hot,high,rd.com
Starbucks,US,Venti,710,iced,high,rd.com
Starbucks,US,Trenta,917,iced,high,rd.com
Starbucks,JP,Short,240,both,med,starbucks.co.jp
Starbucks,JP,Tall,350,both,med,starbucks.co.jp
Starbucks,JP,Grande,470,both,med,starbucks.co.jp
Starbucks,JP,Venti,590,hot,med,starbucks.co.jp
Costa,UK,Primo,355,both,high,Costa 공식X
Costa,UK,Medio,473,both,high,Costa 공식X
Costa,UK,Massimo,591,both,high,Costa 공식X
Tim Hortons,CA,Small,296,both,high,ruk.ca
Tim Hortons,CA,Medium,414,both,high,ruk.ca
Tim Hortons,CA,Large,591,both,high,ruk.ca
Tim Hortons,CA,XL,710,both,high,cbc.ca
Dunkin,US,Small,296,hot,high,dailycoffeeguide
Dunkin,US,Medium,414,hot,high,dailycoffeeguide
Dunkin,US,Large,591,hot,high,dailycoffeeguide
Dunkin,US,Small,473,iced,high,dailycoffeeguide
Dunkin,US,Medium,710,iced,high,dailycoffeeguide
Dunkin,US,Large,946,iced,high,dailycoffeeguide
Peet's,US,Demi,177,hot,med,caffeinepark
Peet's,US,Small,237,hot,med,caffeinepark
Peet's,US,Medium,473,hot,med,caffeinepark
Peet's,US,Large,591,hot,med,caffeinepark
Caribou,US,Small,355,both,med,foodqanda
Caribou,US,Medium,473,both,med,foodqanda
Caribou,US,Large,591,both,med,foodqanda
McCafe,US,Small,355,hot,med,lifeboost
McCafe,US,Medium,473,hot,med,lifeboost
McCafe,US,Large,591,hot,med,lifeboost
Gong Cha,UK,Regular,470,iced,med,gong-cha.co.uk
Gong Cha,UK,Large,650,iced,med,gong-cha.co.uk
Gong Cha,US,Medium,473,iced,med,gong-cha-usa
Gong Cha,US,Large,651,iced,med,gong-cha-usa
Gong Cha,US,XL,946,iced,med,gongcha-usa
7-Eleven,US,Small,355,iced,med,marketingscoop
7-Eleven,US,Medium,473,iced,med,marketingscoop
7-Eleven,US,Large,651,iced,med,marketingscoop
7-Eleven,US,X-Large,887,iced,low,marketingscoop
McDonald's,KR,S(콜라),220,iced,high,맥도날드공식PDF
McDonald's,KR,M(콜라),310,iced,high,맥도날드공식PDF
McDonald's,KR,L(콜라),430,iced,high,맥도날드공식PDF
McDonald's,KR,S(아메리카노),225,hot,high,맥도날드공식PDF
McDonald's,KR,M(아메리카노),330,hot,high,맥도날드공식PDF
McDonald's,KR,M(카페라떼),365,hot,high,맥도날드공식PDF
스무디킹,KR,S,360,iced,med,나무위키
스무디킹,KR,R,480,iced,med,나무위키
스무디킹,KR,L,600,iced,med,나무위키
Smoothie King,US,20oz,591,iced,high,smoothieking.com
Smoothie King,US,32oz,946,iced,high,smoothieking.com
Smoothie King,US,40oz,1183,iced,high,smoothieking.com
Chatime,글로벌,Regular,500,iced,med,bubbleteaworld
Chatime,글로벌,Large,700,iced,med,bubbleteaworld
The Alley,글로벌,Regular,500,iced,med,kinoi
The Alley,글로벌,Large,700,iced,med,kinoi
CoCo,글로벌,Regular(16oz),473,iced,med,yelp
CoCo,글로벌,Large(22oz),651,iced,med,yelp
Sharetea,글로벌,Large(24oz),710,iced,low,yelp
